,LIB,PP,LG,MEPID,CODICT,speech,SPEAKER_TYPE
2,Tomas | Tobé,PPE,EN,197402,197402,"(Start of speech off mic) ... prevent security threats across Europe, like the terrible attack in Solingen, where three people were killed and several were injured. It is crucial that we re-establish control over our common external borders and ensure effective return of illegal migrants. And let me be clear, from the EPP Group: if you don't have the right to be in Europe, you should not be in Europe.
The adoption of the migration pact is a crucial step forward towards a more controlled migration policy. Our focus now is to ensure a swift and full implementation of all parts of the pact.
However, this will not be enough. The horrific attack in Solingen has again put the spotlight on the need for an effective return policy. The EPP Group, therefore, fully supports the clear commitments in the political guidelines for the next Commission to put forward a new common approach on returns, to speed up and simplify the process, and the Commission needs to move quickly and present this proposal. We have to deliver on this. Citizens in Europe should know that we do all we can to keep them safe, and the EPP is ready to do just that.",au nom du groupe
3,Matthias | Ecke,S-D,DE,237465,237465," – Frau Präsidentin, Frau Kommissarin, Kolleginnen und Kollegen! Der grausame Anschlag von Solingen erfüllt uns mit Schmerz, Trauer und Zorn. Die Menschen fordern zu Recht Schutz vor Gewalt, vor Islamismus, Radikalisierung und Terror. Wir schützen uns am besten durch Zusammenarbeit auf europäischer Ebene. Dazu muss man die Abstimmung der Sicherheitsbehörden erleichtern, Waffengesetze verschärfen, Terroristen an der Einreise hindern und verhindern, dass sich Einheimische radikalisieren.
Schutz vor Terror und Migrationspolitik sind aber nicht dasselbe und sollten nicht so einfach vermengt werden, wie es dieser Titel, der von rechts bis ganz rechts hier abgestimmt wurde, suggeriert. Wer Migrantinnen und Migranten ausgrenzt und diffamiert, der verrät unsere Werte und fördert selbst die Radikalisierung.
Dennoch braucht es auch in der Migrationspolitik Ordnung, klar. Deswegen haben wir vor vier Monaten die Reform des Asylsystems beschlossen, und die muss jetzt schnell umgesetzt werden. Wenn Sie sich da drüben rechts nicht mehr erinnern an diese Reform, dann liegt es vielleicht daran, dass Sie dagegen gestimmt haben. Es ist doch bezeichnend, dass diejenigen, die für alle Missstände immer die Migration verantwortlich machen, sich dann in die Büsche schlagen, wenn es um Lösungen geht, denn sie wollen keine Lösungen. Sie sehen den Hass, sie bewirtschaften die Angst, und sie spalten das Land.
Wir wollen eine Migrationspolitik, die funktioniert. Eine, die Fachkräfte willkommen heißt und Schutzbedürftigen Zuflucht gewährt, die in fairen Verfahren schnelle Entscheidungen trifft und die konsequent umsetzt und die Kontrollen an den Binnengrenzen überflüssig macht – so schnell wie möglich, wie es im Schengen-System vorgesehen ist.
Die Reform des GEAS verdanken wir auch einer SPD‑geführten Bundesregierung, die in mühsamen Verhandlungen eine EU‑weit tragfähige Lösung fand. Im Gegensatz dazu fordert Herr Merz von der CDU pauschale Zurückweisungen, die mit dem EU-Recht nun gar nicht vereinbar sind. Das zeigt auch, warum Unionsinnenminister niemals so eine Reform hinbekommen haben: Ihnen geht es doch um die Schlagzeilen daheim und nicht um nachhaltige Lösungen.
Meine Damen und Herren, sorgen wir gemeinsam dafür, dem Terror den gesellschaftlichen Nährboden zu entziehen und den Raum zu nehmen. Das Ziel ist klar – Sicherheit schaffen, ohne Angst zu schüren. Ordnung ja, Ausgrenzung nein!",au nom du groupe
4,Nikola | Bartůšek,PfE,EN,256852,256852," – Madam President, first of all, I would like to express my condolences to all victims and to all their families of the terrorist attack in Solingen. I myself worked in illegal migration for over 10 years, and my colleague was murdered by an unsuccessful asylum seeker.
Let me maybe talk about a few numbers. Over 100 000 non-EU citizens were ordered to leave the EU in the first quarter of 2024, but only 30 000 actually left. This means 70 000 people ignored the law just because they could, and just because we allowed them. The Returns Directive needs urgent reform. We have no efficient enforcement system and our laws are ineffective. Unfortunately, the new migration and asylum package from April will keep this broken system going, encouraging migration without real consequences for breaking the rules. It's time to come together and protect our continent. We need stronger border control and return policy that proves Europe is serious and strong.",au nom du groupe
5,Charlie | Weimers,ECR,SV,123562,123562," – Fru talman! Migrantvåldet sveper inte bara över Tyskland utan över hela Europa, inklusive mitt eget land. I Solna 2022 knivhuggs och torteras två tonåringar under nio timmar av andra generationens invandrare från Tunisien och Irak. 2023 mördas 20-åriga höggravida Saga och hennes ofödde son av en somalier i Örebro. 2020 skjuts tolvåriga Adriana av kriminella invandrare. Samma gäng som numera säljer lotter åt svenska Socialdemokraterna.
2024 skjuts 39-årige Mikael i huvudet framför sin tolvårige son på väg till simhallen. 2019 tortyrmördas 20-årige Alexander för en vinterjacka. Mordet filmas och våldsverkaren, en statslös palestinier, skryter om hur Alexander tejpats ihop som en jude och grisen slaktades. 2023 får Lena, 76, sin ytterdörr uppsliten av en afghan och mördas i sitt kök i Stockholm.
Fru talman! Alla dessa mord begicks under föregående mandatperiod. Nu har vi som fått förtroendet att sitta här i Europaparlamentet fem år på oss att göra allt i vår makt för att vända utvecklingen. Det är ett tungt ansvar. Det handlar om att skydda de vi representerar, vanliga människor, farmödrar, söner, pappor och lillasystrar runt om i hela Europa. Jag glädjer mig åt att PPE talar om behovet av att utvisa illegala migranter och att skydda våra medborgare. Låt oss jobba tillsammans för att göra Europa säkert igen.",au nom du groupe
6,Jan-Christoph | Oetjen,Renew,DE,197432,197432," – Frau Präsidentin, Frau Kommissarin! Unsere Gedanken sind bei den Opfern von Solingen, natürlich. Aber in so einem Moment ist es wichtig, sich daran zu erinnern, dass in Europa Sicherheit nur gewährleistet werden kann, wenn wir alle zusammenarbeiten, denn Anschläge wie in Solingen sind an verschiedenen anderen Stellen auch passiert. Und deswegen will ich an dieser Stelle daran erinnern, dass wir vieles auf den Weg gebracht haben bei der gemeinsamen Terrorbekämpfung, bei der Kooperation der Sicherheitsbehörden in Europa, und dass wir kurz vor dem Sommer einen großen Schritt gemacht haben, auch mit dem Asyl- und Migrationspakt.
Ich möchte an der Stelle aber auch daran erinnern, dass der Kampf gegen Radikalisierung ein ganz entscheidender ist, denn viele von denen radikalisieren sich in Europa und kommen nicht als Terroristen nach Europa. Aber die, die vielleicht als Terroristen, als Kriminelle nach Europa kommen wollen, dafür haben wir mit dem Europäischen Asyl- und Migrationspakt eine gute Grundlage gelegt – mit der Screening-Verordnung, wo wir checken, was das für Menschen sind, mit Grenzverfahren an der europäischen Außengrenze. Und es muss jetzt darum gehen, dass wir diesen europäischen Asyl- und Migrationspakt in die Tat umsetzen, umsetzen durch die Mitgliedstaaten, denn zur Wahrheit gehört auch, dass das heute noch nicht der Fall ist.
Während der EM in Deutschland wurden schon Grenzkontrollen in Deutschland durchgeführt und etwa 30 000 Menschen an der Einreise nach Deutschland gehindert, die irregulär einreisen wollten. Wie kann das sein, dass Menschen nach Deutschland kommen können, in ein Land, das in der Mitte Europas ist, das keine echten Außengrenzen hat? Wenn wir es nicht hinbekommen, dass die Mitgliedstaaten den Pakt tatsächlich umsetzen, werden wir das Problem auch nicht lösen. Deswegen geht es jetzt um Implementierung: Die Kommission muss Druck machen, damit das so schnell geht wie nur möglich.",au nom du groupe
7,Saskia | Bricmont,Verts/ALE,FR,197470,197470," – Madame la Présidente, j'adresse mes sincères condoléances et vœux de rétablissement aux habitants de Solingen. L'horreur frappe encore une fois. Toute ma solidarité va aux victimes et aux survivants de cet attentat. Je pense aussi aux nombreuses victimes d'attaques précédentes qui ont appris à retisser du lien pour prévenir les phénomènes de radicalisation violente plutôt que de les subir, pour nous unir plutôt que d'exacerber le racisme et la violence.
À l'inverse de l'intitulé de ce débat demandé par les démocrates-chrétiens, avec le soutien de l'extrême droite et des conservateurs qui, une fois encore, instrumentalisent un acte terroriste abject à des fins racistes et électoralistes, ce sont les moyens mis à disposition pour prévenir ce type d'actes qui devraient monopoliser notre attention aujourd'hui. Assurer la formation, le renforcement des effectifs de police, améliorer les conditions de travail, renforcer les moyens financiers d'enquête, de poursuites et de restauration au niveau de la justice, les moyens de prévention, d'accompagnement, de réhabilitation dans nos prisons qui sont les premiers lieux de radicalisation, assurer justice et réparation aux victimes et aux survivants sur la base d'un cadre européen existant et qui se verra bientôt renforcé.
Il appartient à chaque État membre de se montrer à la hauteur des besoins des victimes et d'investir des moyens dans sa police et dans son système judiciaire. Le problème est que ces mesures sont souvent invisibles, mais beaucoup plus efficaces que de faire de l'étranger le bouc émissaire. La meilleure réponse à ceux qui veulent nous détruire est de répondre par la justice, le droit, le respect des droits fondamentaux, Madame la Commissaire, pas d'embrasser les termes du débat imposé par la droite en liant les actes terroristes aux étrangers.",au nom du groupe
8,Özlem | Demirel,The Left,DE,197468,197468," – Frau Präsidentin! Ich hörte die schreckliche Meldung und meldete mich direkt bei meiner Büroleiterin. Sie und ihre Familie leben in Solingen. Sie hatte den Platz kurz vor dem Attentat verlassen, Freunde und Bekannte waren noch da. Ein Islamist hat Menschen getötet, viele verletzt. Ich trauere um die Opfer, fühle mit den Angehörigen.
Radikale Islamisten terrorisieren und töten Menschen, weil sie anders leben und glauben. Sie schüren Ängste und verbreiten Hetze. Daran gibt es nichts zu relativieren. Diese Islamisten sind aber Brüder im Geiste der europäischen Faschisten, die ebenfalls nichts anderes tun. Die Ampel will nun Geflüchtete abweisen, abschieben, um das Problem zu lösen.
Ich frage Sie: Was wollen Sie mit den tausenden EU-Staatsbürgern machen, die sich am Dschihad des IS in Syrien beteiligt haben? Die Kurden appellieren seit Jahren an die europäischen Staaten, diese Leute zurückzuholen und rechtmäßig zu verurteilen; Sie sitzen das aus. Sie tun jetzt so, als ob Sie die Ängste und Sorgen der Menschen ernst nehmen würden; aber Sie tun das nicht. An die wahren Ursachen wollen Sie nicht ran. Oder was tun Sie gegen Kriege, um diese zu beenden oder zu verhindern? Gegen die Förderer und Geldgeber der Dschihadisten? Nichts. Sie sagen, der Täter von Solingen war ein Flüchtling in einer Flüchtlingsunterkunft, deshalb wollen Sie jetzt keine mehr reinlassen. Das ist brandgefährliche, billige Polemik. Warum gab es Kürzungen bei Deradikalisierungsmaßnahmen, Kürzungen bei Integrationsmaßnahmen? Warum werden unsere Städte und die soziale Infrastruktur ausgeblutet?
Ja, Kollegen, wir brauchen Perspektiven, müssen die Probleme ernst nehmen. Aber das tun Sie alle nicht. Denn wer Probleme ernst nimmt, setzt sich für Frieden, für soziale Sicherheit ein. Und zu einem guten Leben gehört auch Vielfalt.",au nom du groupe
9,Mary | Khan,ESN,DE,256957,256957," – Frau Präsidentin, werte Damen und Herren! Nichts hat in den letzten zehn Jahren unseren Kontinent so sehr verändert und nichts hat ihn vor allem so sehr getroffen wie die illegale Migration von Millionen von Menschen, die auch vor allem die Kommission und auch unsere deutsche Regierung unter Merkel und Scholz verursacht haben. Seitdem sind tausende Frauen Opfer ausländischer Gewalttäter geworden, wurden unzählige Terrorangriffe verübt, die Familien auseinandergerissen haben. Und Solingen war übrigens nur ein weiterer trauriger Höhepunkt. Wieder Tote, und wieder war der Täter ein illegaler Migrant. Und all das, weil Sie sich Vielfalt und gerade Multikulti auf Ihre Fahnen und auf Ihre Volksfeste schreiben.
All diese Toten sind auch Opfer einer Politik, die niemanden ausweist und die vor allem die eigenen Leute zu Freiwild macht, gerade auch diese Kommission. Leider ist Frau von der Leyen auch nicht hier: Ihre CDU ist vor allem auch der Grund, dass die Sicherheit nur noch ein Fremdwort in meiner Heimat, in Deutschland ist, und vor allem ein Hort für über 27 000 Islamisten, die jederzeit zuschlagen können. Die wirklichen Flüchtlinge, die vor allem vor diesen Islamisten geflohen sind, werden dank dieser Politik wieder Opfer.
Ihre Politik trifft vor allem die normalen Menschen, die Kinder, die auf öffentliche Schulen und nicht auf Privatgymnasien gehen, Arbeiter, die jeden Tag mit den Öffentlichen zur Arbeit fahren und nicht mit den Elektro-SUV. Kurz und knapp – jeder leidet unter Ihrer Politik, nur nicht Sie selbst. Wir brauchen auch keine weiteren Lippenbekenntnisse oder Krokodilstränen. Wäre der Schutz unserer Nation ein ehrliches Anliegen – und das muss man leider auch so sagen –, hätten Sie Frontex schon vor Jahren gestärkt, statt Schlepper‑NGOs zu finanzieren und damit vor allem die illegale Migration zu fördern.
Was wir jetzt brauchen, und deswegen ist meine Partei auch vor allem im Aufwind: Wir brauchen Grenzschutz an den Außengrenzen und Grenzkontrollen innerhalb Europas, weil Sie uns dazu zwingen. Wir brauchen auch vor allem Remigration statt Migrationsabkommen mit Kenia, die aus illegaler Migration legale macht. Das ist, was vor allem unsere Bürger in Deutschland wollen. Wenn Sie dazu in diesem Haus nicht in der Lage sind, wird meine Partei, die AfD, das, was Sie hier verursachen, in Deutschland in Zukunft rückabwickeln und wieder für Sicherheit und Ordnung sorgen. Als zweitstärkste Kraft und als stärkste Kraft in Ostdeutschland werden wir die Grenzen wieder sichern, abschieben im großen Stil und darauf achten, wer zu unserer Gesellschaft passt und wer nicht.",au nom du groupe
10,Jeroen | Lenaers,PPE,NL,95074,95074," – Voorzitter, er wordt van ons verwacht dat we grip krijgen op migratie. Er zijn reeds grote stappen gezet op dit vlak: het nieuwe migratiepact vormt een historische stap en zal verandering teweegbrengen.
Het pact moet zo snel mogelijk door de lidstaten worden uitgevoerd, want de gevolgen van het uitblijven van doeltreffend Europees beleid zijn te zien: landen trekken zich terug achter hun eigen grenzen om zichzelf het gevoel te geven dat ze de controle hebben. De EU als geheel komt hier echter niet veel verder mee. De snelle uitvoering van het pact is slechts een eerste stap.
Als het aan de linkse fracties had gelegen, hadden we geen afspraken gemaakt met Tunesië. De resultaten van deze afspraken spreken echter voor zich: het aantal illegale aankomsten is dit jaar flink afgenomen. Er moeten meer van dit soort afspraken worden gemaakt.
Voorts hebben de Europese leiders reeds in 2018 gevraagd om plannen om mensen die op zee worden gered ook in andere landen te kunnen opvangen. Sindsdien is het vanwege de politieke onwil echter stil geweest. Dit is niet langer houdbaar. Het thema moet snel weer op de agenda worden gezet.
Ten slotte is geen enkel asielsysteem houdbaar zonder doeltreffende terugkeervoorzieningen. Dit is een grote uitdaging. In 2018 is een voorstel voor een nieuwe terugkeerrichtlijn opgesteld. De onderhandelingen daarover blijven echter vastlopen, omdat de linkse fracties, onder leiding van de Groenen, deze wet continu proberen zoveel mogelijk uit te kleden.
We moeten dit voorstel terugtrekken en met een nieuw, ambitieus voorstel en een doeltreffende terugkeerwet komen.",
11,Ana Catarina | Mendes,S-D,PT,257053,257053," – Senhora Presidente, Senhora Comissária, Caros Colegas, a primeira palavra é uma palavra de condenação veemente deste Parlamento pelo terrível ataque que ocorreu em Solingen.
A segunda palavra é uma palavra de solidariedade para com os familiares das vítimas destas pessoas. Mas, minhas caras e meus caros colegas, não podemos, nem devemos, confundir imigração com criminalidade. Não é assim que tratamos da política de migrações.
O que é mesmo preciso é um combate feroz à radicalização, ao discurso radicalizado, investindo, para isso, na educação, investindo em mais meios, apostando na prevenção. Em segundo lugar, é preciso continuar a reforçar a cooperação europeia. A União Europeia é, há quase 75 anos, um espaço da diversidade, da expressão, da diferença, da cultura, da paz e da segurança. E é assim que queremos que continue a ser.
Por isso mesmo, é fundamental que o Pacto Global das Migrações seja aplicado, que seja fiscalizada a sua implementação em cada um dos Estados-Membros. Devemos aceitar que este é o espaço dos europeus, daqueles que aqui nascem, daqueles que aqui escolhem viver, que aqui escolhem ter as suas vidas, que fogem à guerra, que fogem à fome, que fogem às alterações climáticas, que fogem às ditaduras. Este é o espaço da União Europeia. Este é o espaço do respeito pelos direitos humanos, onde se condena, sem piedade, aqueles que atacaram Solingen no passado mês de agosto.
(A oradora aceita responder a uma pergunta «cartão azul»)",
12,Alvise | Pérez,NI,ES,257019,257019," – Señora Mendes, la he escuchado con mucha atención. Soy un eurodiputado español que quiere hacerle una sencilla pregunta. Es verdad que en este Parlamento Europeo estamos todos en contra del racismo, en contra de la xenofobia, en contra de la homofobia, en contra de todo aquello que atenta contra los derechos fundamentales de los europeos, pero también es cierto que en mi país, España, los informes de Instituciones Penitenciarias y de las fuerzas y cuerpos de seguridad indican que no es que sea racista relacionar la inmigración con la delincuencia y la criminalidad, sino que se basa en datos oficiales de algunos Estados miembros, como por ejemplo España, Alemania o Francia. Me gustaría que pudiera matizar en qué se basa para desligar completamente la inmigración de estos informes policiales.",
13,Ana Catarina | Mendes,S-D,PT,257053,257053," – Baseio-me nos vários estudos que vão sendo feitos. São feitos em Portugal, são feitos em Espanha, são feitos pelo espaço europeu. A Comissão Europeia tem vários dados sobre isso. Não é possível associar migração diretamente à criminalidade. E, por isso, é preciso um trabalho muito grande também para o esclarecer a si, senhor deputado.",
15,András | László,PfE,HU,256860,256860," – Elnök Asszony! Az EU migrációs politikája egy totális kudarc, és sok éve magában hordozza a terrorizmus veszélyét. Az európai emberek a vérükkel és az életükkel fizetnek ezért. Védelem és biztonság helyett azonban csak üres ígéreteket kapnak. Mégis mennyi vérnek kell még kifolynia ahhoz, hogy az Európai Néppárt és a baloldali szövetségesei végre méltóztassanak megvédeni az EU határait és az európai állampolgárokat? És elég a szolidaritásról szóló hazugságokból, hiszen szolidaritás és segítség helyett pereket és büntetéseket kapunk.
Olaszországban hat év börtönnel fenyegetik Matteo Salvinit. Miért? Mert megvédte az olasz határokat. Magyarországot 200 millió euróra büntették az Európai Bíróságon. Miért? Mert megvédjük a magyar és egyben schengeni határokat. A német kormány eközben egyik kézzel osztja a pénzt az embercsempész NGO-hajóknak, a másik kézzel pedig lezárja saját határait, mert szerinte veszélyes. Faeser Asszony, nem az EU-s országok közötti határokat kell lezárni! Egyetlen megoldás van a migrációs válságra: meg kell védeni a közös külső határokat, különben az egész Európai Uniót fogjuk szétverni. Egyetlen megoldás van: a külső határok védelme.",
16,Mariusz | Kamiński,ECR,PL,257056,257056,"Herzlich Willkommen jest samobójcza dla Niemiec i stanowi zagrożenie dla całej Europy.
Jaka powinna być odpowiedź na zagrożenia związane z nielegalną imigracją? Twarda obrona zewnętrznych granic Unii Europejskiej i finansowanie, Pani Komisarz, finansowanie przez Komisję Europejską fizycznych zapór inżynieryjnych na zewnętrznych granicach Unii Europejskiej. Stosowanie prostych procedur przy wydalaniu nielegalnych imigrantów z Unii Europejskiej i odpowiednie zadaniowanie Frontexu i Europolu. Frontex powinien być głównie dedykowany skutecznemu odsyłaniu nielegalnych imigrantów poza Unię Europejską, a Europol...
(Przewodnicząca odebrała mówcy głos)
(Mówca nie zgadza się wysłuchać pytania sygnalizowanego podniesieniem niebieskiej kartki przez Diana Iovanovici Şoşoacă)",
17,Raquel | García Hermida-Van Der Walle,Renew,NL,256970,256970," – Voorzitter, ik ben opgegroeid in Madrid. Terreur en wrede aanvallen van verschillende soorten zijn mij dus niet vreemd. De angst en pijn die mensen in Duitsland en elders in Europa voelen zijn mij niet vreemd.
Wat alle terroristen verbindt, is hun wens om ons te verdelen. Ze willen dat wij onze manier van leven veranderen, onze waarden en zwaarbevochten vrijheden opgeven en ons leven leiden in angst voor anderen. Ze willen dat we minder tolerant worden.
In dit debat wordt de suggestie gewekt dat minder migratie de enige weg is naar minder terreur. De commissaris onderschrijft deze insteek. Is irreguliere migratie de hoofdoorzaak van terreur?
Er is sprake van een gebrek aan geld voor de echte oplossingen. Dit is voor de Raad niet het moment om te weinig geld te besteden aan meer politiesamenwerking via Europol.",
18,Alexandra | Geese,Verts/ALE,DE,183916,183916," – Frau Präsidentin, Frau Kommissarin, sehr verehrte Kolleginnen und Kollegen! Auf einem Straßenfest in Solingen wurden drei Menschen von einem Islamisten getötet. Das erfüllt mich mit Schmerz und Trauer, und mein Mitgefühl geht an die Opfer und an ihre Angehörigen. Das ist auch ein Angriff auf unsere Freiheit, auf unsere freie Gesellschaft, und deswegen müssen wir den Terroristen das Handwerk legen, und zwar dort, wo sie sich radikalisieren – im Internet. Die Algorithmen von TikTok und YouTube spielen Videos von Hasspredigern doch ganz gezielt an labile junge Männer aus. Im Minutentakt werden junge Menschen mit islamistischen Inhalten geködert und systematisch aufgehetzt. Diese Turboradikalisierung muss aufhören.
Die Instrumente dafür haben wir. Auf europäischer Ebene können wir mit dem DSA die Algorithmen ändern, die Menschen immer radikaler machen. Wir können dafür sorgen, dass endlich das Verbot durchgesetzt wird, Religionszugehörigkeit oder Gesundheitsfaktoren wie Angst oder Depression in den Datenprofilen zu speichern, und wir können unsere Polizei besser ausstatten, um solche Inhalte schnell zu erkennen.
Diese Maßnahmen schützen unsere Gesellschaft wirksam, nicht der Generalverdacht für Geflüchtete, die Schließung der Grenzen oder sogar die Abschiebung von gut integrierten Menschen, um Zahlen zu erfüllen.",
19,Mimmo | Lucano,The Left,IT,257129,257129," – Signora Presidente, onorevoli colleghi, il titolo di questo dibattito segue una logica non solo scorretta, ma pericolosa e infame. Il collegamento tra terrorismo e migrazione segue la realtà dei fatti, non vuole creare sicurezza, ma aumentare e alimentare l'industria della paura per giustificare la criminalizzazione di cittadini in fuga dalle guerre, dalla miseria, dalla povertà e dalle malattie: fenomeni e drammaticità sociali prodotti dai nostri mondi ricchi e opulenti e dalle nostre perverse economie di guerre colonialiste e neoliberali.
Io ho un'altra paura: quella dei nostri paesi e della nostra terra spopolate, da cui si fugge per mancanza di lavoro, di prospettive e di diritti. Ho paura dell'abbandono e della solitudine delle nostre comunità. Ho paura delle ingiustizie e delle disuguaglianze che creano disperazione. Non ho paura di chi arriva, ma di chi parte. La deriva liberista, che è xenofoba e inaccettabile...
(La Presidente toglie la parola all'oratore)",
21,Jan-Peter | Warnke,NI,DE,256967,256967," – Frau Präsidentin, Frau Kommissarin, meine sehr geehrten Damen und Herren! Das Erste, was ich sagen will: Asylrecht ist ein wichtiges Menschenrecht. Sagt Ihnen ein Ostdeutscher, der unter kommunistischer Herrschaft in den Westen geflohen ist. Die jüngsten Morde durch einen Islamisten, der ein Asylbewerber in Deutschland war, sind allerdings Ausdruck einer verfehlten Migrations‑ und Integrationspolitik. Gewaltverbrechen und unkontrollierte Migration stehen nicht nur statistisch, sondern offenbar auch in einem kausalen Zusammenhang. Wer unkontrollierte Migration zulässt, bekommt unkontrollierte Gewalt.
Wir sind daher für eine strikte Umsetzung des nationalen Rechtes auf Abschiebung abgelehnter Asylanten und Migranten, welches in Deutschland bisher ganz offensichtlich eine Art rechtsfreier Raum war. Wir stehen für ein Asylrecht, welches die Realität des 21. Jahrhunderts berücksichtigt, und wir stehen für ein Europa, welches nicht die Fluchtursachen der Flüchtlinge vermehrt. Beenden wir zum Beispiel die Sanktionen gegen Syrien und setzen wir uns für einen Frieden in Nahost ein! Wir sind solidarisch mit unseren Nachbarn und den EU‑Ländern an den europäischen Außengrenzen. Lasst uns gemeinsam Europa besser schützen!",
22,Javier | Zarzalejos,PPE,ES,197606,197606," – Señora presidenta, señora comisaria, este va a ser el primer debate de muchos que vamos a tener en esta nueva legislatura, porque todos somos conscientes de que estamos ante uno de los grandes desafíos políticos y sociales y porque tenemos que responder a las inquietudes y a las expectativas de los ciudadanos. No pretendo entrar en el hecho mismo del ataque terrorista, ya se ha descrito por la comisaria, pero sí quiero expresar mi recuerdo a las víctimas y mi solidaridad con ellas.
Es evidente que mecanismos de aplicación de la ley que tenían que haber funcionado no han funcionado, han fallado, y de esto no se puede decir que tenga la culpa la Unión Europea. No tratamos de vincular ni queremos vincular inmigración con terrorismo: eso lo dejamos para los que comercian políticamente con el miedo, porque ninguna política responsable ni eficaz puede hacerse con ese trazo grueso. Por cierto, es curioso ver que los que más exigen a la Unión Europea son los que se oponen sistemáticamente a fortalecer sus normas, sus recursos y sus instrumentos.
Y decimos también que es irresponsable no tener en cuenta que determinados flujos migratorios plantean riesgos específicos que hay que identificar y sobre los que hay que actuar. Está claro que proceder de un país en conflicto no puede garantizar por sí mismo el acceso al asilo. Los Gobiernos nacionales en las próximas semanas tendrán que presentar sus planes nacionales de implementación del Pacto sobre Migración y Asilo y tenemos que exigir que la Comisión sea rigurosa y exigente a la hora de analizarlos.",
23,Birgit | Sippel,S-D,DE,96932,96932," – Frau Präsidentin! Wenn Menschen brutal aus dem Leben gerissen oder schwer verletzt werden, sind wir alle erschüttert und unsere Gedanken sind bei den Opfern und ihren Familien. Aber heute bin ich auch darüber erschüttert, wie das Leid der Menschen in Solingen instrumentalisiert wird. Es diskutieren einige über Grenzschließungen, eine generelle Zurückweisung schutzsuchender Menschen an unseren Grenzen oder die pauschale Verurteilung von Menschen nur aufgrund ihrer Nationalität. All das schürt Angst, es spaltet unsere Gesellschaft. Manche Forderungen sind rechtswidrig: Sie gefährden unseren Schengen-Raum, befeuern kriminelle Schmuggler und zersetzen den europäischen Zusammenhalt, den wir gerade in Migrationsfragen dringend brauchen.
Und wir brauchen klare Regeln: punktuelle Grenzkontrollen nur, wenn absolut nötig, die Registrierung und Aufnahme Schutzsuchender zur Prüfung des Asylanspruches im zuständigen Mitgliedstaat und auch Abkommen mit Herkunftsländern – Abkommen einerseits zur Rücknahme ihrer bei uns ausreisepflichtigen Bürgerinnen und Bürger und andererseits für gezielte Vereinfachung und Ausweitung legaler Arbeitsmigration, nicht zuletzt angesichts des Arbeitskräftemangels in vielen Mitgliedstaaten. Und zur Bekämpfung von Kriminalität und Radikalisierung gilt es außerdem, die grenzüberschreitende Zusammenarbeit von Polizei und Justiz zu stärken und auch mehr Präventivangebote und Anlaufstellen für Angehörige von sich radikalisierenden Menschen anzubieten.
Und all das braucht für ein nachhaltiges Gelingen auch Maßnahmen zur Integration von Anfang an im Zusammenspiel aller Ebenen und besonders mit Stärkung der Kommunen. Es wäre gut, wenn alle demokratischen Kräfte diese Herausforderungen gemeinsam gestalten statt mit Populismus die Axt an die Grundfesten unserer Europäischen Union zu legen.
(Die Rednerin lehnt eine Frage nach dem Verfahren der ""blauen Karte"" von Jacek Ozdoba ab.)",
24,Jaroslav | Bžoch,PfE,CS,220840,220840," – Paní předsedající, vážení kolegové, útok v Solingenu nebyl izolovaným případem. Jen před nedávnem zemřel mladý policista po brutálním útoku nožem v německém Mannheimu. Další tragédie se stala na hranicích Polska a Běloruska, kde po bodnutí zemřel mladý voják. A to nám ukazuje, jak nebezpečná situace opravdu je. Je to přímá hrozba pro vnitřní bezpečnost Evropské unie. Když ztrácíme kontrolu nad tím, kdo do Evropské unie přichází, ohrožujeme nejen naši bezpečnost, ale také naše hodnoty a náš způsob života. Potřebujeme nekompromisní řešení. Každý, kdo vstoupí nelegálně na naše území, musí být neprodleně a účinně vrácen zpět. Je třeba zajistit bezpečné vnější hranice s nulovou tolerancí k těm, kteří porušují naše zákony. Pokud nejsme schopni nelegální migranty a odmítnuté žadatele o azyl vrátit zpět, tak musí skončit v detenci. Není možné, aby se nám tito lidé volně pohybovali po Evropské unii. Zároveň ale potřebujeme přísné tresty pro ty, kteří se snaží radikalizovat migranty a propagují nebezpečné ideologie na našem území. Je to i volání po právu šaría, což jsme mohli vidět na shromáždění muslimů v Německu. Je to otázka přežití. Politická korektnost nás nezachrání před dalším útokem, který může přinést více obětí. Teď je čas jednat bez kompromisů. Bezpečnost našich občanů musí být na prvním místě, a to za každou cenu.",
26,Alessandro | Ciriani,ECR,IT,257147,257147," – Signora Presidente, signora Commissaria, onorevoli colleghi, i fatti di Solingen ci impongono una riflessione più ampia sul complesso fenomeno dell'emigrazione in Europa.
Punto primo. Si estende sempre di più il fronte, anche con voci inattese e ravvedimenti tardivi, di chi chiede una forte alleanza europea contro l'immigrazione irregolare. I tempi sono dunque maturi per un netto cambio di strategia che preveda una stretta sulla sicurezza e sulle politiche di asilo e la lotta ai trafficanti.
Secondo. La strada da seguire è quella tracciata con successo e con molto interesse da Giorgia Meloni al governo italiano: il piano Mattei e l'accordo con i paesi terzi che rovesciano il paradigma caro a qualcuno, cioè non più diritto a emigrare, ma diritto a restare.
Terzo. L'ingresso e l'integrazione degli stranieri in Europa non può basarsi prevalentemente su requisiti di carattere economico, come il reddito, il lavoro o la casa, ma anche, e forse soprattutto, su requisiti di tipo culturale. Noi rispettiamo chi ritiene di non poter rinunciare alla propria cultura, alla forma e alla sostanza dei suoi principi, anche quando questi sono incompatibili con i nostri, ma evidentemente non è l'Europa il posto in cui deve restare questa persona. Al contrario, chi vuole restare in Europa deve rispettare leggi e tradizioni in ossequio a un principio fondamentale: rispetta e sarai rispettato, riconosciti e sarai riconosciuto.",
27,Engin | Eroglu,Renew,DE,197430,197430," – Frau Präsidentin, Frau Kommissarin! Wir diskutieren das Attentat in Solingen, und es ist mir wirklich wichtig, den Angehörigen der vier völlig unnötig verstorbenen Menschen dort noch einmal mein Beileid auszusprechen. Es ist einfach schrecklich, was dort erneut passiert ist.
Wir als Europäische Union haben mit dem neuen Asyl- und Migrationspakt ja die richtigen Entscheidungen getroffen. Es gibt keine unkontrollierte Zuwanderung mehr in die Europäische Union, wenn dann alle Mitgliedstaaten jetzt ihre Hausaufgaben machen, damit nicht mehr Menschen in der Europäischen Union unnötig versterben müssen. Aber auch die Europäische Union muss weiter wachsen an ihren Herausforderungen und auch ihre Zuständigkeiten behalten.
Deswegen glaube ich ganz klar, dass wir Frontex und die Außengrenzensicherung ausbauen müssen. Es kann nicht sein, dass jemand in die Europäische Union kommt und wir nicht wissen, wer das ist. Und das meine ich lückenlos. 2024 müssen wir jegliche Art von Technik dafür einsetzen, dass niemand mehr in die Europäische Union kommt, ohne dass wir wissen, wer es ist.
Mir ist aber auch wichtig, dass bei der desolaten Wirtschaftspolitik, die wir in der Europäischen Union gerade fahren, viel Arbeitslosigkeit auf uns zukommt. Frau Kommissarin, gerade Sie als Inneres sollten mit Ihren Innenministerinnen und Innenministern in der Europäischen Union diskutieren, damit wir zusehen, dass wir im Inneren auch einen Mechanismus aufbauen, denn in der Zukunft werden wir mehr Radikalisierung haben durch Wohlstandsverlust der schlechten Politik, und da müssen wir ein Auge mit drauf werfen.",
28,Anna | Strolenberg,Verts/ALE,EN,256990,256990," – Madam President, pushed by the far right, fear and anti-immigration rhetorics have once again dominated the political agenda. I understand the outrage following the brutal stabbings in Solingen. The anger is real. It is up to us Europeans to decide how will we react to this. Do we fall victim to populist narratives dominated by deportations and border controls, or do we create serious solutions?
Depicting migrants as a threat to national security is not going to make us safer. Installing border controls is not going to make us safer. Instead, it will create cracks in our Union by growing distrust between our countries.
So what can we do? Stand firm against the closure of our borders, improve integration policies and grant access to jobs, housing and education, and strengthen cooperation between our security services to keep our citizens safe. If we put aside personal interests, we can build a stronger, safer and more united Europe.",
29,Estrella | Galán,The Left,ES,257012,257012," – Señora presidenta, señora comisaria, toda mi solidaridad con las víctimas del terrorismo y de la violencia, desde Solingen hasta Gaza.
Desgraciadamente hoy volvemos a ver como repetimos los mismos errores de siempre: seguir vinculando seguridad y migraciones es una profunda irresponsabilidad y la semilla perfecta para fomentar el odio y la discriminación en nuestra sociedad. Por cierto, esa discriminación va dirigida a personas que cada vez se encuentran con más dificultades para buscar protección, con rutas cada vez más peligrosas y mortales —ustedes saben que el Mediterráneo está lleno de cadáveres— por la falta de vías legales y seguras y por las políticas de externalización de fronteras que estamos llevando a cabo.
Lo voy a decir muy claro: las políticas fallidas centradas en el blindaje de fronteras ni han impedido ni impedirán que las personas lleguen, y ustedes lo saben tanto como yo. ¿Son conscientes de que, además, estos discursos ponen en riesgo nuestra convivencia? Nos jugamos mucho, señorías, por eso es imprescindible…
(la presidenta retira la palabra a la oradora)",
30,Verena | Mertens,PPE,DE,256974,256974," – Frau Präsidentin, sehr geehrte Frau Kommissarin, liebe Kollegen! Wie wir mit der Herausforderung der Migration in Europa umgehen, ist entscheidend für die Zukunft der Europäischen Union, und es ist auch entscheidend für das Vertrauen der Bürger in die Politik. Wir müssen sicherstellen, dass die Gesellschaft als Ganzes die Herausforderung der Integration meistern kann, und das wird natürlich nicht von heute auf morgen gehen. Gerade deshalb ist der Asyl- und Migrationspakt, den wir beschlossen haben, das richtige und wichtige Zeichen – und den müssen wir jetzt auch umsetzen. Es ist das richtige Zeichen, um eine bessere Kontrolle über unsere Grenzen zu bekommen und auch um Menschen Schutz zu gewähren, die in ihrer Heimat aus politischen oder religiösen Gründen verfolgt werden.
Aber die Umsetzung stockt, weil politische Kräfte sie blockieren. Und wir müssen es umsetzen, wir müssen die Umsetzung jetzt vorantreiben, denn der Anschlag in Solingen ist kein Einzelfall. Ich sage Ihnen: Das kann genauso jederzeit und an jedem Ort in Europa wieder passieren. Und deshalb geht es um mehr: Es geht darum, dass wir die Sicherheit im öffentlichen Raum stärken, indem wir die Polizei mit besseren Ressourcen und mehr Möglichkeiten ausstatten für eine nachhaltige Strategie, die Europa vereint.
(Die Präsidentin entzieht der Rednerin das Wort.)
(Die Rednerin ist damit einverstanden, auf eine Frage nach dem Verfahren der „blauen Karte“ zu antworten.)",
31,Jacek | Ozdoba,ECR,PL,257086,257086," – Pani Przewodnicząca! Szanowni Państwo! Skoro dyskutujemy o bezpieczeństwie, ono jest najistotniejsze, to może po prostu warto brać przykład z Polski? W Polsce tego typu sytuacje o jakich jest mowa, chociażby biegający 20 letni imigrant, silny mężczyzna, jeżeli oczywiście porównamy to z Niemcami, no to jest to sytuacja katastrofalna dla naszych zachodnich sąsiadów. Dlaczego? Statystyka jest bezwzględna. Tam, gdzie są nielegalni imigranci, występuje wzrost przestępczości na tle seksualnym, jest zdecydowanie więcej przestępstw niż w Polsce. Polska jest krajem bezpiecznym, bo zadbaliśmy o bezpieczeństwo.
Unia Europejska popełniła błąd, Niemcy popełnili błąd, więc sobie sami weźcie ten problem i nie zwalajcie tego problemu na inne kraje.",
32,Verena | Mertens,PPE,DE,256974,256974," – Ja, Sie geben mir die Gelegenheit, meine Rede zu Ende zu führen. Denn ich wollte sagen, dass temporäre Grenzkontrollen an Binnengrenzen, wie sie gerade in Deutschland vorangetrieben werden, keine langfristige Lösung sein können; das muss eine Ausnahme bleiben. Aber wir brauchen in der Tat auch Verständnis dafür, dass in Deutschland nach Solingen jetzt etwas passieren muss.",
33,Cecilia | Strada,S-D,IT,257101,257101," – Signora Presidente, signora Commissaria, onorevoli colleghi, il mio primo intervento in plenaria è su un tema a cui tengo molto, perché per tutta la mia vita ho fatto l'operatrice umanitaria, lavorando anche in zone di guerra e in zone colpite dal terrorismo. Negli ultimi anni ho lavorato nel soccorso in mare.
Trovo francamente inaccettabile che si continui ad associare con tanta leggerezza l'intera popolazione di persone migranti, rifugiati e richiedenti asilo al tema del terrorismo, perché sappiamo che non è così ed è una mancanza di rispetto anche verso le vittime di questi atroci attacchi, credo. È anche un imbroglio verso i nostri elettori e per questo motivo non voglio entrare nel merito del fenomeno migratorio, ma ragionare piuttosto sugli strumenti concreti per contrastare il terrorismo.
Togliamo le strumentalizzazioni dal tavolo e guardiamo piuttosto al lavoro di Europol, che ci indica la strada che dobbiamo continuare a seguire: controllo sui flussi finanziari, antiriciclaggio, ""follow the money"", programmi per contrastare la radicalizzazione, un occhio speciale per le carceri e controlli stringenti sulla propaganda online – propaganda che, ricordiamolo, si nutre anche dei nostri discorsi di odio e di razzismo, che vengono utilizzati dal fondamentalismo islamista per il reclutamento.
Il terrorismo non si sconfigge alzando i muri, con la discriminazione e il razzismo, ma si sconfigge con gli strumenti della legge, con più integrazione, più diritti e più democrazia.",
34,Marieke | Ehlers,PfE,NL,192254,192254," – Voorzitter, eerst Mannheim, nu Solingen. Negen jaar geleden zei Angela Merkel: ""Wir schaffen das"", en zette zij de grenzen wagenwijd open voor miljoenen gelukszoekers. Hier ondervinden we nu de gevolgen van, niet alleen in Duitsland, maar in heel Europa.
Denk aan Samuel Paty, die vier jaar geleden door een Tsjetsjeense vluchteling werd onthoofd, en aan de Zweedse voetbalsupporters die vorig jaar in Brussel werden doodgeschoten door een Tunesiër die illegaal in het land verbleef. Duizenden mensen zaten urenlang vast in een voetbalstadion, onder wie mijn eigen man en kinderen. Zo zijn er tientallen voorbeelden.
Neemt de Commissie de verantwoordelijkheid voor het islamitisch terrorisme en het antisemitisme in Europa, die het gevolg zijn van een laks migratiebeleid? Het moet anders. Het moet beter. De instroom moet onmiddellijk en drastisch omlaag en we moeten ons richten op een efficiënt terugkeerbeleid. Nederland zal in Europa vooroplopen om ervoor te zorgen dat uitgeprocedeerde asielzoekers daadwerkelijk terugkeren.
Het kan anders. Het kan beter.",
35,Nicolas | Bay,ECR,FR,124760,124760," – Madame la Présidente, il y a quelques années, Angela Merkel avait ouvert en grand les frontières allemandes pour y faire entrer plus d'un million de migrants. Aujourd'hui, dans la précipitation, son successeur, Olaf Scholz, réclame la suspension de Schengen et le rétablissement des frontières nationales. Fin août, l'attentat de Solingen a révélé une fois de plus les conséquences dramatiques et sanglantes de cette folle politique migratoire. Et cet attentat allonge la liste de ceux que nous avons subis partout en Europe et en particulier en France, où près de 300 de nos compatriotes sont morts sous les balles ou sous les lames des fous d'Allah. Nos pères et nos mères, nos femmes, nos fils et nos filles de France ont payé de leur vie le laxisme face à l'islam politique et à l'immigration anarchique qui en est, tout le monde le sait, le pourvoyeur principal.
À quand enfin de véritables frontières pour notre continent? Il est urgent de financer les protections, les murs érigés par la Grèce, la Hongrie, la Bulgarie, la Pologne et la Lituanie aux frontières de l'Europe. À cause de votre laxisme, de votre répartition obligatoire de migrants, le terrorisme et la criminalité se répandent et nous menacent tous. Les courageux gouvernement italien ou hongrois ne peuvent pas assumer seuls cette exigence de fermeté pour assurer la sécurité de tous les Européens, sauver nos nations et notre civilisation. L'Europe a besoin de frontières, de fermeté et de courage. Alors seulement Schengen cessera d'être un danger pour nos peuples.",
36,Tineke | Strik,Verts/ALE,EN,197772,197772," – Madam President, the horrific attack in Solingen reminds us that we must remain vigilant against violent extremism. But we must also remain vigilant against cynical and dangerous spinning of the far right who misuse such attacks for their own political gain, to demonise migrants and refugees. That only distracts from the real solutions we need. And it divides and polarises our societies. Germany's decision to reintroduce border controls violates the Schengen border code and looks like a politically motivated, knee jerk reaction. Tolerating this is inviting other Member States to follow.
So I urge the Commission to closely assess the introduction of border controls in Germany and of all other Member States who control their borders for eight years now, and to take effective action to protect our dear Schengen Area.
And I urge political parties to focus on real, evidence-based solutions to violent extremism, and to refrain from cheap and false rhetorics that only serve to fuel even more suffering.",
37,Ελισσάβετ | Βόζεμπεργκ-Βρυωνίδη,PPE,EL,125065,125065," – Κύριε Πρόεδρε, στο τέλος της προηγούμενης περιόδου ψηφίσαμε ένα ισορροπημένο νέο Σύμφωνο για το Άσυλο και τη Μετανάστευση, που —για πρώτη φορά— θεσπίζει υποχρεωτική αλληλεγγύη και ίση κατανομή ευθυνών. Η ορθή εφαρμογή των νέων κανόνων εγγυάται την ασφάλεια των Ευρωπαίων πολιτών υπό τις εξής προϋποθέσεις: την αποτελεσματική φύλαξη των εξωτερικών συνόρων της Ένωσης —αποστολή στην οποία αναγνωρίστηκε η επιτυχία της Ελλάδας, τη δημιουργία νόμιμων οδών μετανάστευσης με πάταξη των κυκλωμάτων των διακινητών και τη βελτίωση της συνεργασίας με τρίτες χώρες για να πραγματοποιούνται οι επιστροφές. Η Τουρκία, παραδείγματος χάρη, δεν τηρεί τη συμφωνία του 2016 και δεν έχει δεχθεί ούτε μία επιστροφή.
Συνάδελφοι, το μεταναστευτικό ζήτημα μας αφορά όλους. Δεν είναι δίκαιο να επωμίζονται το μεγαλύτερο βάρος οι χώρες πρώτης υποδοχής, ενώ επίσης οι μονομερείς ενέργειες κλεισίματος των συνόρων υπονομεύουν τον ενιαίο χώρο Σένγκεν και την ευρωπαϊκή κοινή μεταναστευτική πολιτική.",
38,Francisco | Assis,S-D,PT,28307,28307," – Senhor Presidente, Senhora Comissária, qualquer ato terrorista é intolerável. Um ato terrorista cometido no âmbito de um Estado de direito democrático é especialmente abjeto. Sobre isso, ninguém tem a mais pequena dúvida.
Mas, o que é igualmente abjeto é tentar instrumentalizar um ato terrorista com o intuito de estabelecer uma relação de identificação abusiva entre o terrorismo, a imigração e os refugiados. Isso é que é absolutamente inaceitável.
A Europa não pode renegar os seus valores fundamentais em nome do combate ao terrorismo. Nós temos de combater o terrorismo na fidelidade absoluta aos nossos valores democráticos e à nossa tradição humanista. É assim que conseguiremos verdadeiramente combater e derrotar o terrorismo. Terrorismo que, de resto, tem várias e múltiplas proveniências.
Por isso, é preciso dizer aqui, de uma forma muito clara, que esta tentativa – subjacente à forma como este debate foi apresentado – de associar o terrorismo à imigração e aos refugiados é um verdadeiro atentado aos valores fundamentais que estão na base da União Europeia.
(O orador aceita responder a uma pergunta «cartão azul»)",
39,Sebastian | Tynkkynen,ECR,FI,256806,256806," – Te käytätte usein tällaista esimerkkiä, että on valitettavaa, mitä nyt on juuri tapahtunut vaikka maahanmuuton suhteen. Tästä ei saisi puhua, tämä voi leimata ja niin edelleen. Mutta milloin alatte olemaan huolissaan siitä, mitä eurooppalaisille kansalaisille tapahtuu, kuinka ihmisiä surmataan ja tapetaan?
Charlie Hebdon iskut, teatterissa ihmisiä murhataan, papeilta viilletään kurkkuja auki. Nyt veitsellä on murhattu kolme ihmistä. Milloin voidaan alkaa tekemään johtopäätöksiä, että jotain meidän maahanmuuttopolitiikassamme on pielessä?",
40,Francisco | Assis,S-D,PT,28307,28307," – Devemos tratar aqueles que vêm viver para a Europa exatamente como tratamos os europeus. Evidentemente que, se há atos terroristas, os responsáveis pelo terrorismo têm de ser devidamente punidos, sejam eles europeus de origem, sejam pessoas que vieram viver para a Europa. Essa é a grande questão e é isso que nos diferencia verdadeiramente.
O que me parece abjeto é a tentativa clara, que está na base da promoção deste debate, de estabelecer uma relação de identificação entre a prática do terrorismo e a situação da imigração e dos refugiados. Com certeza que há imigrantes e haverá refugiados que promovem atos terroristas. Mas quantos europeus, ao longo de muitos anos, também não cometeram atos terroristas?
É essa a grande diferença e é isso que nos separa.",
41,Petra | Steger,PfE,DE,220897,220897," – Herr Präsident, sehr geehrte Damen und Herren! Das abscheuliche Attentat in Solingen ist der jüngste Beweis eines kompletten Versagens der Europäischen Union in Sachen Sicherheit. Terrorismus und Kriminalität gehen regelrecht durch die Decke. Die Bürger fühlen sich wie Fremde im eigenen Land. Die Politik der offenen Grenzen ist tödlich, und Sie alle hier tragen die Verantwortung dafür. Doch anstatt die Bürger in Europa zu schützen und endlich für Sicherheit zu sorgen, beschließen Sie einen Asyl- und Migrationspakt, mit dem Sie wieder nur die Migranten verwalten und verteilen, anstatt endlich die Grenzen zu schützen. Aber was war auch anderes zu erwarten, wenn die engste Verbündete der „Wir schaffen das“-Merkel, Frau von der Leyen, an der Spitze der Europäischen Kommission sitzt?
Es braucht keine Solidarität bei der Verteilung, es braucht endlich Solidarität beim Grenzschutz und bei den Rückführungen. Remigration ist das Gebot der Stunde! Und wenn die Europäische Union nicht imstande dazu ist, endlich die Außengrenzen lückenlos zu schützen, müssen selbstverständlich die Mitgliedstaaten aktiv werden und ihre eigenen Grenzen schützen. Sehr geehrte Damen und Herren, kommen Sie endlich zur Vernunft, sonst tragen Sie die Verantwortung für all jene Bürger, die diese wahnsinnige Politik mit ihrem eigenen Leben bezahlen müssen.",
42,Sebastian | Tynkkynen,ECR,FI,256806,256806," – Arvoisa puhemies, viime kuussa Isiksen kannattaja puukotti Saksan Solingenissa kolme kuoliaaksi ja haavoitti kahdeksaa. Epäilty tekijä saapui Saksaan turvapaikanhakijana 2022. Hakemus hylättiin ja hänet piti palauttaa Bulgariaan, jossa hän oli jo jättänyt hakemuksen, mutta viranomaiset eivät löytäneet häntä.
Jokainen näkee nyt, millainen hölmöläisten maanosa Euroopasta on tullut. Macron, Merkel ja von der Leyen, say their names! Teidän politiikkanne ja saamattomuutenne on ollut hengenvaarallista Euroopalle.
Kotikaupungissani Oulussa paljastui kymmenien lapsiin kohdistuneiden seksuaalirikosten sarja, jossa tekijät olivat pääosin ulkomaalaistaustaisia miehiä. Tekijät tulivat Suomeen läpi Euroopan, läpi teidän maidenne! Millainen unioni ei suojele haavoittuvimmassa asemassa olevia? Tällainen. Ulkorajat on tukittava ja hyväksikäyttäjät on palautettava kotimaihinsa. Sen on oltava kunniatehtävämme tällä kaudella. Olemme nähneet tarpeeksi. Olemme saaneet tarpeeksi.",
43,Karlo | Ressler,PPE,HR,197413,197413," – Poštovani predsjedavajući, Europska solidarnost prema izbjeglicama i tražiteljima azila proizlazi iz dosljedne primjene naših temeljnih vrijednosti.
Međutim, počelo se prečesto događati da neučinkovitost i kaos povezani s našim europskim sustavom migracija i azila, a vidimo i integracija, postaju i naša sve veća slabost. Zato imamo i političku i ljudsku dužnost ovakve islamističke terorističke napade shvatiti ozbiljno, ne prešućivati, ne umanjivati.
Potencijalni počinitelji sličnih napada moraju biti pravovremeno otkriveni i deportirani a ne neprimijećeni godinama nakon što im je odbijeno pravo na azil. Zato smo i u travnju ove godine usvojili nova, čvršća europska pravila koja trebaju uvesti reda i sigurnost u sustav azila i imigracija.
Europa sada treba biti složna, predana i ustrajna u tome da takva pravila što brže implementira, jasno i uz odgovarajuća financijska sredstva, kako se ovakvi tragični slučajevi ne bi više ponavljali.",
44,Brando | Benifei,S-D,IT,124867,124867," – Signor Presidente, onorevoli colleghi, il mio impegno come parlamentare europeo è iniziato in quest'Aula dieci anni fa. Sono cambiate molte cose da allora, e sono cambiato anche io, ma non è mai cambiata la mia volontà di lottare per un'Europa più giusta, capace di dare risposte ai bisogni delle persone, di sconfiggere le paure trovando insieme le soluzioni di cui abbiamo bisogno.
Per questo, su una vicenda come questa di Solingen, la risposta non può essere quella di rinchiuderci in un fortino di propaganda, ma affrontare le questioni per quelle che sono.
Dobbiamo essere certi che i nostri cittadini possano sentirsi sicuri e che i crimini siano perseguiti e prevenuti. Dobbiamo evitare però che singoli episodi si trasformino in una psicosi collettiva; piuttosto si deve agire su molti fronti diversi – integrazione, dialogo culturale, gestione dei movimenti delle persone, repressione dei reati, cyber security.
Non possiamo rinunciare alle nostre libertà per una supposta sicurezza, perché così non saremo più liberi né più sicuri. Dobbiamo impegnarci invece perché la nostra democrazia fermi la violenza e l'odio. È un grande, fondamentale impegno a cui siamo chiamati anche noi come rappresentanti degli europei.",
46,Alexandre | Varaut,PfE,FR,5736,5736," – Monsieur le Président, nous parlons de l'essentiel, de notre avenir, de la vie ou de la mort de notre civilisation, et nous sommes 30 députés en séance. Peut-être sommes-nous une partie du problème.
Après les attentats de Toulouse en 2012, Marine Le Pen avait alerté les Français en ces termes: «Combien de Mohamed Merah dans les bateaux, les avions qui chaque jour arrivent en France?» Que de tragédies, que de souffrances auraient été évitées si nous avions été entendus plus tôt. À Solingen, le 23 août, trois morts par la faute d'un barbare entré en Europe au prétexte de demander l'asile, comme toujours, et resté clandestinement en Allemagne après le rejet de sa demande. Trois morts par la faute de la folle politique d'accueil initiée par Angela Merkel.
Aujourd'hui, l'Allemagne réagit en appliquant une mesure prônée par le Rassemblement national depuis toujours: le rétablissement des contrôles aux frontières, le refoulement des clandestins et l'application du principe de la double frontière au niveau européen. Ces mesures, la veille encore de leur adoption par le gouvernement allemand, étaient dénoncées comme illégales, irréalisables, fascistes peut-être. Aujourd'hui, chacun constate que ce sont bien nos analyses et nos solutions qui sont les bonnes depuis 40 ans, et que ce sont celles que partout en Europe les nations devront adopter si elles veulent préserver leur sécurité et leur avenir.",
47,Branko | Grims,PPE,SL,220908,220908," – Gospod predsednik! Sedanja slaba varnostna situacija v Evropi se sploh ne bi mogla zgoditi, če ne bi očitno nekateri na ključnih pozicijah zlorabili svojo funkcijo in opustili dolžnostno ravnanje. Oboje je po kazenskem zakoniku kaznivo dejanje. In ko se odstranijo velike besede v zvezi z ilegalnimi migracijami, je vse, kar ostane, samo še velik kriminal. Prvo, kar torej zahtevamo, je odgovornost – odgovornost tistih, ki so nas spravili v sedanjo situacijo.
Potrebujemo dosledno spoštovanje zakona, celotnega pravnega reda, dosledno zaščito meja z vsemi zakonitimi sredstvi. Potrebujemo remigracijo, pošiljanje vseh, ki zlorabljajo pravni red Evropske unije in azilno zakonodajo, nazaj, od koder so prišli.
Po aktih Evropske unije, po temeljnih aktih, imamo Evropejci vso pravico živeti varno in ob doslednem spoštovanju naše osebne integritete. In nobena pravica nobenega tujca ne more biti nad to pravico. Torej, Bog vas živi, Bog živi Slovenijo, Bog živi Evropo.",
48,Susanna | Ceccardi,PfE,IT,197786,197786," – Signor Presidente, onorevoli colleghi, al processo ""Open Arms"" in corso a Palermo la pubblica accusa ha chiesto sei anni di carcere per il vicepremier e ministro Matteo Salvini, che nel 2018‑2019 difese i confini dell'Italia e la sicurezza degli italiani bloccando gli sbarchi dei clandestini.
Nella sua requisitoria, il pubblico ministero ha detto che anche i terroristi e i trafficanti di uomini vanno fatti sbarcare. Un'opinione folle, che la sinistra europea, le ONG e le ONLUS immigrazioniste condividono appieno.
Ma vadano a dirlo alle famiglie delle vittime dell'attentato di Solingen, che hanno visto i loro cari morire, alle quali esprimo la totale vicinanza e solidarietà mia e di tutto il gruppo dei Patrioti per l'Europa. Vadano a dirlo alle famiglie delle vittime di tutti gli altri attentati di matrice islamista che hanno insanguinato le nostre nazioni europee.
Gli immigrati irregolari, tra i quali si nascondono terroristi e trafficanti, non vanno fatti partire e l'Europa deve facilitarne i rimpatri, non complicare la vita agli Stati che vogliono farlo. Lasciate libere le nazioni di difendere i propri confini. Lasciate che i popoli europei vivano in sicurezza, preservino l'identità e conservino le proprie radici.",
49,François-Xavier | Bellamy,PPE,FR,197534,197534," – Monsieur le Président, tout à l'heure, Mme Strada nous a dit: «Comment faire le lien entre immigration et insécurité?». La vraie question est: comment ne pas faire le lien entre l'immigration et la violence qui monte dans nos pays? L'immigration illégale qui est en cause à Solingen, car nous parlons de Solingen. Et que s'y est-il passé? C'est un islamiste entré illégalement sur le sol de nos pays, débouté du droit d'asile en Allemagne et qui pourtant, comme tant d'autres, n'a jamais été reconduit. Trois morts. Comme toujours, l'impuissance politique prépare la voie de la tragédie très concrète. Cette impuissance a été organisée par le déni.
Madame la Commissaire, vous nous avez dit tout à l'heure qu'il était temps de remettre de l'ordre dans la maison et qu'il fallait protéger nos frontières de l'immigration illégale. Pourtant, il y a trois ans, douze États membres vous ont écrit pour demander de les aider à financer les infrastructures physiques de protection des frontières extérieures de l'Europe. Vous leur avez répondu, à ce courrier qui vous était adressé, que l'Europe ne saurait devenir une forteresse entre des barbelés. Ce mépris, ce silence, ce déni de réalité, c'est celui qui nous conduit à l'impuissance d'aujourd'hui. Il faudra plus que des paroles, maintenant. Il est temps d'agir enfin, pour éviter à l'Europe de sombrer dans cette situation de crise durable dans laquelle nous nous trouvons.",
50,Julien | Sanchez,PfE,FR,88552,88552," – Monsieur le Président, mes chers collègues, je voudrais tout d'abord témoigner ma solidarité pleine et entière aux familles des victimes de l'attaque au couteau de Solingen et plus généralement au peuple allemand. Cette énième attaque, commise encore une fois par un Syrien dont on se demande ce qu'il faisait sur le sol européen, doit nous interroger sur la politique migratoire laxiste et de peuplement soutenue par la Commission européenne. Parce que nous sommes élus, il nous appartient de prendre soin de nos concitoyens, de veiller sur eux et en particulier sur les plus fragiles, ceux qui ne peuvent pas se défendre eux-mêmes et que certains, ici, oublient trop souvent depuis leurs quartiers préservés.
Manifestement, les politiques défendues jusqu'ici par l'Union européenne ont permis la survenance de ces drames devenus quotidiens. Et derrière ces chiffres froids de morts, de blessés, il y a des êtres humains, des familles brisées à jamais. Les mondialistes voudraient nous faire croire que ces migrants que nous accueillons contre la volonté des peuples deviendront tous ingénieurs ou médecins. Le croient-ils sérieusement? Encore une fois, ici à Solingen, c'est évidemment faux. Les élus de ce Parlement comptent-il enfin imposer à la Commission de protéger nos enfants et nos petits-enfants de ces barbares islamistes au couteau qui haïssent notre civilisation, ou attendent-ils d'être touchés personnellement pour avoir une réaction politique autre que les fleurs et les bougies? Nos concitoyens sont en colère. Vous leur devez la sécurité en n'accueillant plus sans limite n'importe qui et en écoutant ceux qui prêchent dans le désert depuis des années et disent la vérité.",
51,Bogdan Andrzej | Zdrojewski,PPE,PL,124893,124893," – Panie Przewodniczący! Prawdopodobnie nie będę miał okazji później, więc dzisiaj chciałem podziękować, w tym momencie, za debatę o powodzi. Bez wątpienia dla tych, którzy walczą w chwili obecnej z żywiołem, ma to znaczenie. I jeszcze raz podkreślę, że empatii nigdy nie za wiele.
Od empatii też chcę zacząć. Wystarczy dziś Europejczyków zapytać, co dla nich jest najważniejsze – co jest największą wartością, jeżeli chodzi o taką instytucję, taką rodzinę, jaką tworzy Unia Europejska? Bez wątpienia wolność i swoboda przemieszczania się. Swoboda przemieszczania się ludzi, swoboda przemieszczania się towarów, ale także, dla młodych ludzi na przykład, szansa na wybór ministra edukacji. Jeżeli zapytamy tych 450 mln obywateli, oni uznają, że mamy do czynienia z imponderabiliami, z najważniejszymi wartościami, które powinny być chronione. Z drugiej strony oczywiście jest oczekiwanie na zbudowanie bezpiecznej Europy, Europy, w której ci obywatele, przemieszczając się z różnych miejsc w różne miejsca, będą czuli się bezpiecznie.
Nie wolno jednak zapomnieć o jednym ważnym pojęciu, o jednej ważnej kategorii: adekwatności. Wszystkie działania, wszystkie propozycje powinny być z jednej strony skuteczne, ale z drugiej strony adekwatne.",
52,Jorge | Buxadé Villalba,PfE,ES,197829,197829," – Señor presidente, señora comisaria, diez medidas para acabar con el terror islamista de los falsos refugiados que han matado en Solingen, en Mannheim o en Algeciras.
Primera, que ustedes pidan perdón y se vayan a casa.
Segunda, no mentir: la inmigración masiva, ilegal e indiscriminada no es ni buena ni inevitable, es un crimen y un peligro para la supervivencia de Europa.
Tercera, lancemos un mensaje al mundo. Digamos: «Europa va a dejar de ser el paraíso de los falsos refugiados. Ningún extranjero que entre ilegalmente en Europa obtendrá jamás ayudas sociales ni permiso de residencia ni asilo ni protección. Vuestra protección es nuestra ley: si incumplís nuestra ley, no tenéis protección».
Cuarta, combatir con todos los medios a nuestro alcance las mafias de tráfico de personas poniendo fin al esclavismo. Combatamos con todos nuestros medios: entremos en sus casas, asaltemos sus embarcaciones, detengámoslos y metámoslos en la cárcel, y también a aquellas ONG que colaboran yendo con grandes barcos pagados con fondos públicos a las costas del tercer Estado para traerlos a nuestros puertos.
Quinta, pongamos en marcha el mayor plan de deportación que haya conocido la historia.
Sexta, suspender la ayuda de terceros países que no controlan su inmigración.
Séptima, no conceder jamás la nacionalidad a nadie que haya entrado ilegalmente en territorio europeo.
Octava, control y cierre inmediato de las mezquitas salafistas y wahabitas donde se promueven expresiones contrarias a Occidente.
Novena, cambiemos el régimen de asilo.
Y por último y décima, exijamos a todos los medios de comunicación que indiquen el origen y la identidad de los agresores so pena de no recibir subvención pública para que Jovenlandia deje de ser un país. Stop invasión.",
54,Paulo | Cunha,PPE,PT,257078,257078," – Senhor Presidente, Senhora Comissária, as ameaças à segurança são reais e a União Europeia tem de continuar a trabalhar em soluções que reforcem a coordenação e a troca de informação, em procedimentos de asilo mais rápidos e em regras uniformes que garantam maior certeza jurídica.
Mas atenção, não podemos tratar de forma igual aquilo que é diferente, nem tornar definitivo o que deve ser excecional.
A Alemanha anunciou a introdução de controlos temporários em todas as suas fronteiras terrestres, invocando a ameaça à segurança interna. Compreendemos que esta seja uma situação excecional de ameaça, mas, volto a dizer, uma exceção não se pode transformar em regra.
De resto, o controlo de fronteiras deve estar sempre, em primeiro lugar, nas fronteiras da União e não nas fronteiras entre países do espaço Schengen. A resposta a estes problemas deve ser, por isso, conjunta e não dos países de forma isolada.
O espaço Schengen é uma das grandes conquistas da nossa Europa. Os movimentos de circulação sustentam as dinâmicas da economia de todos os países. Não podemos abdicar desse legado. É, por isso, nosso dever desenhar políticas alternativas mais fortes e baseadas em valores humanistas.",
55,Loránt | Vincze,PPE,HU,98582,98582," – Elnök Úr! Az egyre több nyugat-európai terrorcselekmény után a politikai vezetők rendre a fatalizmusba zuhannak, mintha az ilyen borzalmas események nem lennének megelőzhetőek. Mintha nem a mi jogunk lenne arról dönteni, ki léphet az országainkba, és hogyan élhetünk biztonságban. 2023-ban közel 400 000 illegális belépést jegyeztek az uniós határokon. Ezt a számot egyetlen eszközzel lehet csökkenteni: a külső határok szigorúbb védelmével. Erre kellene több uniós pénzt szánni.
2024 első negyedévében több mint 103 000 nem uniós állampolgárt utasítottak távozásra, de csak mintegy egyharmaduk távozott ténylegesen. Ez egy félelmetes adat. Ha a maradék 60 000 ember közül csak egyetlen potenciális terrorista van, aki valamikor ártatlan embereket fog meggyilkolni, akkor a tagállamok végzetes hibát követtek el azzal, hogy nem érvényesítették maradéktalanul a kiutasítást. Pedig nincsen más megoldás. Minden jobb, mint félelemben élni és bezárkózni. Nem elég a tüneteket határlezárással kezelni, a súlyosan elhibázott migrációs politika helyett a józan észhez kellene folyamodni.",
56,Vytenis Povilas | Andriukaitis,S-D,LT,119652,119652," – Gerbiamas pirmininke, gerbiama komisare, kolegos, čia pasiklausius labai ultra patriotinių kalbų, kartais pasijauti, kad štai tas ultra patriotizmas, atrodo, tampa paskutine niekšų prieglauda. Yra tokia frazė ir tenka pasakyti, kad tos kalbos kaip tik ir didina ne ką kitą, o dar didesnę neapykantos ugnį. Solidarizuodamasis su aukomis, Zolingeno aukomis, noriu tiems kitiems pasakyti – prisiminkite Breiviką, kuris iššaudė be galo daug savo tautiečių Norvegijoje. Jis nieko bendro su islamu neturėjo. Taigi terorizmas yra nesusijęs su niekuo. Jis yra be galo sudėtingas žmonių fenomenas. Todėl labai aišku – atsakymas turi būti migracijos prieglobsčio pakto vykdymas. Naujoje daugiametėje finansinėje perspektyvoje daug didesnis finansavimas FRONTEX'ui, sienų apsaugai, taip pat trečiųjų šalių paramai, socialinėms problemoms. Čia yra kompleksas ir tik kompleksinės priemonės gali padėti išspręsti tai, nes Europos Sąjunga yra žmogaus teisių ir mūsų organizuotų solidarių veiksmų Europa. Ir čia Europos Sąjungos vyriausybėms reikia priminti...
(posėdžio pirmininkas iš kalbėtojo atima žodį)",
57,Silvia | Sardone,PfE,IT,197578,197578," – Signor Presidente, onorevoli colleghi, l'accoglienza indiscriminata mina la società. Bloccarla non è razzismo né islamofobia: è buon senso.
Con l'immigrazione senza freni avete aperto la porta dell'Europa anche ai terroristi. Non c'è solo un problema evidente di richiedenti asilo che progettano di uccidere o tagliare la gola a coloro che li hanno accolti: c'è una questione più grande che si chiama sicurezza dei cittadini.
Ora il cancelliere Schulz afferma: ""Gli islamisti minacciano la coesistenza pacifica tra tutti noi"". E se ne accorge solo ora? Beh, ""ben svegliato"", diciamo. Eppure i segnali sono ovunque, da tempo: attentati, manifestazioni violente, quartieri ghetto dove lo Stato non esiste, sempre più estremisti, anche tra i giovani, e sempre più veli islamici anche nelle nostre città, simboli di oppressione delle donne per motivi religiosi.
Fino a quando l'Europa continuerà a sottometterci a chi ci odia?",
58,Fernand | Kartheiser,ECR,FR,256900,256900," – Monsieur le Président, ceux qui depuis 2015 nous avaient mis en garde contre les risques d'une immigration de masse, illégale et incontrôlée, avaient entièrement raison. Une telle immigration génère, parmi de nombreux autres problèmes, d'imminents risques de sécurité. Aujourd'hui, nous réitérons donc notre appel: les nombreuses attaques contre la vie et les biens de paisibles citoyens européens doivent cesser. Ceux qui ne bénéficient pas du droit d'asile ou d'une protection internationale doivent être éloignés sans tarder de nos pays. Mais il y a plus: l'asile et la protection sont des statuts temporaires et ne peuvent être assimilés à une immigration. Le statut des bénéficiaires doit donc être régulièrement réévalué et, dès que les circonstances le permettent, ils doivent retourner dans leur pays. De même, ceux qui rentrent dans leur pays, par exemple pour y passer des vacances alors qu'ils bénéficient d'un statut de protection en Europe, doivent perdre ce statut avec effet immédiat.",
59,Diana | Iovanovici Şoşoacă,NI,RO,257120,257120," – Domnule președinte, v-am ascultat aici vorbind despre ISIS și teroriști, însă cred că ar trebui să ne amintim cine le-a înființat și cine le-a finanțat. Statele Unite ale Americii și NATO, NATO pe care o considerați armata Uniunii Europene. Dacă NATO nu ar ataca statele, pentru că nu mai e de mult o organizație defensivă, ci una ofensivă, atunci nu am mai avea nici migrație.
Din păcate, migrația a fost încurajată și de Angela Merkel, și de Macron și de doamna Ursula von der Leyen, dar trebuie să vorbim și despre migrația din Ucraina, pentru că în România am fost invadați de ucraineni, iar până în 2022 toată Europa vorbea de Ucraina ca de un stat terorist, cu droguri, cu prostituție și cu toate problemele adiacente. Să știți că în România au fost omorâți oameni de rackeți ucraineni care primeau 500 de euro pentru a omorî un om. Sunt fapte care se petrec de peste 20 de ani în România și nu vorbește nimeni despre ele. Așa că opriți finanțarea terorismului și nu veți mai avea nici migrație.",
